{
  "project_info": {
    "project_number": "973386683280",
    "firebase_url": "https://project-8525323942962534560.firebaseio.com",
    "project_id": "project-8525323942962534560",
    "storage_bucket": "project-8525323942962534560.appspot.com"
  },
  "client": [
    {
      "client_info": {
        "mobilesdk_app_id": "1:973386683280:android:d842af33038fad5c",
        "android_client_info": {
          "package_name": "info.androidhive.firebase"
        }
      },
      "oauth_client": [
        {
          "client_id": "973386683280-baqgf530ok5b79ti51hhqqe4danubb0k.apps.googleusercontent.com",
          "client_type": 3
        }
      ],
      "api_key": [
        {
          "current_key": "AIzaSyAGe2kM7kRsjLW5YzpzHhG2fYDDTv0i2B0"
        }
      ],
      "services": {
        "analytics_service": {
          "status": 1
        },
        "appinvite_service": {
          "status": 1,
          "other_platform_oauth_client": []
        },
        "ads_service": {
          "status": 2
        }
      }
    }
  ],
  "configuration_version": "1"
}